text,label
"Bitcoin reaches new heights, surpassing previous records","positive"
"Investors show increased confidence in Bitcoin's long-term value","positive"
"Bitcoin adoption grows as more retailers accept it as payment","positive"
"Market volatility causes concerns among Bitcoin investors","negative"
"Regulatory challenges pose potential risks to Bitcoin's future","negative"
"Bitcoin value drops sharply following new government regulations","negative"
"Experts divided on the long-term viability of Bitcoin investments","neutral"
"Bitcoin maintains stable value despite market fluctuations","neutral"
"Debate over Bitcoin's energy consumption continues among experts","neutral"
"Bitcoin's market presence strengthens, but future remains uncertain","neutral"
"New all-time high for Bitcoin sparks optimism in crypto community","positive"
"Sudden Bitcoin crash wipes out gains, leaving investors wary","negative"
"Celebrity endorsement boosts Bitcoin's visibility and appeal","positive"
"Environmental concerns over Bitcoin mining rise, sparking debate","negative"
"Bitcoin remains resilient in face of numerous market challenges","neutral"
"Major financial institutions show growing interest in Bitcoin","positive"
"Bitcoin faces backlash over high transaction fees","negative"
"Steady increase in Bitcoin ATMs worldwide signals growing acceptance","positive"
"Cryptocurrency experts predict a strong recovery for Bitcoin","positive"
"Bitcoin's price stabilizes, giving investors a sense of security","neutral"
"Large investment firm increases Bitcoin holdings, signaling confidence","positive"
"Bitcoin's scalability issues continue to hinder widespread adoption","negative"
"Bitcoin's price sees minor correction, but long-term trend remains bullish","positive"
"Government scrutiny on Bitcoin intensifies amid regulatory concerns","negative"
"Bitcoin increasingly recognized as a digital gold equivalent","positive"
"Innovative Layer 2 solutions promise to enhance Bitcoin's performance","positive"
"High-profile security breaches raise concerns over Bitcoin's safety","negative"
"Bitcoin's dominance in the cryptocurrency market remains unchallenged","positive"
"Central banks consider implications of Bitcoin on monetary policy","neutral"
"Bitcoin's environmental impact under scrutiny at global summit","negative"
"Bitcoin gains mainstream acceptance as a form of payment","positive"
"Concerns over Bitcoin's volatility continue to deter potential investors","negative"
"Bitcoin's decentralized nature resists censorship and control","positive"
"Significant fluctuation in Bitcoin price leads to market instability","negative"
"Major retailer announces acceptance of Bitcoin, boosting market confidence","positive"
"Bitcoin faces regulatory hurdles in multiple countries","negative"
"Bitcoin hailed as a breakthrough in financial technology","positive"
"Bitcoin's uncertain legal status poses challenges for businesses","negative"
"Bitcoin's limited supply contributes to its value appreciation","positive"
"Questions arise over Bitcoin's role in illegal online transactions","negative"
"Bitcoin seen as a hedge against inflation by some economists","positive"
"Bitcoin's price stability in recent months signals market maturity","neutral"
"Growing number of Bitcoin ATMs indicates wider adoption","positive"
"Bitcoin criticized for its energy-intensive mining process","negative"
"Bitcoin's blockchain technology inspires new financial applications","positive"
"Controversy over Bitcoin's creator identity fuels market speculation","neutral"
"Bitcoin's lightning network promises faster and cheaper transactions","positive"
"Major hack in a Bitcoin exchange raises security concerns","negative"
"Bitcoin community divided over proposed changes to the network","neutral"
"Bitcoin emerges as a popular option in remittance market","positive"
"Concerns over tax implications of Bitcoin trading","negative"
"Bitcoin increasingly viewed as an asset class by investors","positive"
"Regulatory clarity for Bitcoin still a major issue in many regions","neutral"
"Bitcoin's market cap surpasses major traditional companies","positive"
"Bitcoin's use in illegal activities attracts law enforcement attention","negative"
"Experts predict Bitcoin could challenge traditional banking","positive"
"Bitcoin's anonymity features draw criticism and regulatory scrutiny","negative"
"Bitcoin seen as a financial revolution by its proponents","positive"
"High transaction fees become a concern for Bitcoin users","negative"
"Bitcoin's open-source nature fosters a strong developer community","positive"
"Bitcoin faces stiff competition from other cryptocurrencies","negative"
"Bitcoin adoption grows among tech-savvy younger generations","positive"
"Bitcoin's impact on traditional financial systems remains uncertain","neutral"
"Growing number of celebrities and influencers endorse Bitcoin","positive"
"Bitcoin's price manipulation rumors create market uncertainty","negative"
"Bitcoin's potential as a global currency sparks debate","neutral"
"Bitcoin's resilience in economic downturns impresses investors","positive"
"Bitcoin transactions face delays due to network congestion","negative"
"Bitcoin's role in enhancing financial inclusion highlighted","positive"
"Debates over Bitcoin's true value lead to polarized opinions","neutral"
"Bitcoin's integration with existing financial infrastructure progresses","positive"
"Bitcoin mining's carbon footprint becomes a major talking point","negative"
"Bitcoin's adoption in emerging markets shows growth potential","positive"
"Bitcoin's association with speculative trading concerns regulators","negative"
"Bitcoin's technology seen as a driver of financial innovation","positive"
"Bitcoin's price volatility continues to attract speculative traders","negative"
"Bitcoin's potential in international trade discussed at summit","neutral"
"Bitcoin becomes a popular topic in mainstream media","positive"
"Bitcoin's scalability challenges prompt calls for technological upgrades","negative"
"Growing academic interest in studying Bitcoin's economic impact","neutral"
"Bitcoin's global transaction network operates without major issues","positive"
"Regulatory crackdowns in some countries impact Bitcoin's accessibility","negative"
"Bitcoin's user base grows despite market challenges","positive"
"Bitcoin faces backlash for facilitating ransomware payments","negative"
"Bitcoin ETF Token sees surge in interest as $3.7m investment pours in","positive"
"Dogecoin (DOGE) showcases resilience with expected price rebound","positive"
"Bitcoin's HODLer dynamics suggest a potential market surprise","neutral"
"Crypto liquidity provider search becomes vital for 2024's market stability","neutral"
"LFi Chain revolutionizes blockchain applications with Ethereum integration","positive"
"Bitcoin price surpasses $40,000, signaling a strong market rally","positive"
"Industry anticipates approval of spot Bitcoin ETFs, driving positive market sentiment","positive"
"Bitcoin's rally drives cryptocurrency market cap increase","positive"
"Shiba Inu bucks bearish trends, showing significant holder netflow increase","positive"
"Ripple (XRP) poised for growth, analysts set optimistic price targets","positive"
"Coinbase International expands with non-US spot markets, boosting crypto accessibility","positive"
"Nasdaq to leverage crypto tech, fostering new carbon markets development","positive"
"Bitcoin maintains market dominance, reaching highest point in over two years","positive"
"Major financial players express optimism in Bitcoin's future growth","positive"
"Bitcoin's scalability solutions garner attention amidst adoption challenges","neutral"
"Bitcoin faces environmental scrutiny, raising concerns over mining practices","negative"
"Bitcoin's legal and regulatory status remains uncertain, impacting market confidence","negative"
"Bitcoin price volatility concerns continue to affect new investor interest","negative"
"Debate over Bitcoin's role in illicit activities sparks regulatory worries","negative"
"Crypto market faces downturn as Bitcoin and Ether experience significant drops","negative"
"Bitcoin adoption surges as number of wallet users reach new high","positive"
"Federal Reserve's new policy could spell trouble for Bitcoin","negative"
"Bitcoin proves its resilience amid global economic uncertainty","positive"
"Bitcoin transaction volume hits record levels, indicating healthy growth","positive"
"Concerns over Bitcoin bubble persist among financial experts","negative"
"Bitcoin's new upgrade promises to enhance security but divides community","neutral"
"Bitcoin's role in the shadow economy attracts negative attention from governments","negative"
"Investors rally as Bitcoin rebounds to reclaim its market position","positive"
"Bitcoin's influence on global finance grows despite regulatory challenges","positive"
"Economists warn against the speculative nature of Bitcoin","negative"
"Bitcoin's integration into payment systems marks milestone for adoption","positive"
"Market analysts argue Bitcoin might replace gold as the ultimate safe haven","positive"
"Skepticism about Bitcoin's future utility sees rising debate","neutral"
"Bitcoin's value fluctuation leads to investor hesitancy","negative"
"Mainstream investment firms embrace Bitcoin, ensuring market stability","positive"
"Bitcoin seen losing market share to rapidly rising altcoins","negative"
"Survey shows increased public trust in Bitcoin over traditional banks","positive"
"Bitcoin's uncertain future as a currency: Experts debate its viability","neutral"
"Cryptocurrency exchange faces legal battle over Bitcoin fraud claims","negative"
"Bitcoin's price forecasted to stabilize as market matures","neutral"
"Global regulators take aim at Bitcoin with tough new restrictions","negative"
"Bitcoin's anonymous nature complicates regulatory efforts","neutral"
"New blockchain tech fosters hope for decentralized financial systems","positive"
"Bitcoin's contribution to technology innovation discussed in tech summit","positive"
"Environmental watchdogs target Bitcoin's carbon emissions","negative"
"Bitcoin price surge triggers frenzy among casual investors","positive"
"Bitcoin crashes following revelation of major security flaw","negative"
"Academic institutions begin to accept Bitcoin for tuition payments","positive"
"Famous economist predicts Bitcoin could soon become worthless","negative"
"Bitcoin's liquidity crisis: A ticking time bomb for investors?","negative"
"Cryptocurrency enthusiasts predict Bitcoin to hit new all-time high by year's end","positive"
"Bitcoin increasingly seen as a mainstream investment option","positive"
"Tech giants consider Bitcoin for employee payment options","positive"
"Bitcoin struggles as new regulations from China spook investors","negative"
"Bitcoin's decentralization praised as a breakthrough for financial independence","positive"
"High-profile investment fund adds Bitcoin to its portfolio","positive"
"Bitcoin's market correction sees mixed reactions from the crypto community","neutral"
"Retailers expand payment options to include Bitcoin amid growing demand","positive"
"Bitcoin's impact on small businesses: Opportunities and challenges","neutral"
"Nationwide survey reflects a split in public opinion on Bitcoin","neutral"
"Bitcoin rallies despite concerns over digital currency market bubbles","positive"
"Security experts link Bitcoin to increased cybercrime activities","negative"
"Bitcoin exchange rate remains volatile, puzzling economists","neutral"
"Financial watchdog issues warning about Bitcoin pyramid schemes","negative"
"Bitcoin's adoption by major banks signals growing legitimacy","positive"
"Experts caution about Bitcoin's risky nature during economic talks","negative"
"Bitcoin's role in empowering marginalized communities highlighted","positive"
"Bitcoin faces tough competition as alternative cryptocurrencies rise","negative"
"Bitcoin's scalability issues addressed in latest software update","neutral"
"New documentary explores Bitcoin's potential to disrupt financial markets","positive"
"Bitcoin's trading volume soars as more traders enter the market","positive"
"Controversial figure voices support for Bitcoin, causing market stir","neutral"
"Bitcoin's acceptance for mortgage payments introduced by leading bank","positive"
"Investor confidence shaken as Bitcoin value dips below critical support level","negative"
"Innovations in Bitcoin mining technology promise lower energy costs","positive"
"Bitcoin's future threatened by relentless government crackdowns","negative"
"Market optimism grows as Bitcoin proves its mettle during crisis","positive"
"Bitcoin's exchange policy overhaul aims to attract institutional investors","neutral"
"Tech conference to spotlight Bitcoin as a driver of innovation","positive"
"Bitcoin's fluctuating value seen as a barrier to widespread adoption","negative"
"Bitcoin's adoption as a legal tender in developing nations sparks interest","positive"
"Regulatory limbo affects Bitcoin's price negatively","negative"
"Bitcoin's potential to reshape global finance remains hot topic at summit","neutral"
"Bitcoin's acceptance grows among Fortune 500 companies","positive"
"Critics argue Bitcoin may never function as a practical currency","negative"
"Bitcoin's journey towards becoming an anti-inflation asset is on track","positive"
"Bitcoin faces new regulatory hurdles in Europe","negative"
"Emerging markets lead the way in Bitcoin adoption","positive"
"Bitcoin's energy consumption under the microscope at environmental conference","negative"
"Bitcoin price stability could herald new phase of growth","positive"
"Investors warned of potential Bitcoin volatility ahead of economic data release","negative"
"Bitcoin hailed as a success at annual cryptocurrency convention","positive"
"Bitcoin's integration with big tech could redefine e-commerce","positive"
"Potential for Bitcoin to disrupt traditional banking grows","positive"
"Economists debate Bitcoin's designation as 'digital gold'","neutral"
"Bitcoin's governance issues spark leadership shakeup rumors","neutral"
"Market analysis shows Bitcoin's resilience amid regulatory pressures","positive"
"Bitcoin adoption barriers highlighted during financial literacy campaign","neutral"
"Investment guru retracts Bitcoin support, citing instability","negative"
"Bitcoin's rapid price increase leaves market analysts wary","negative"
"Financial leaders discuss Bitcoin's role in future global economy","neutral"
"Bitcoin breakthrough: Major tech firm to develop blockchain tools","positive"
"Bitcoin dips following central bank warning about cryptocurrency risks","negative"
"Consumer protection agencies target Bitcoin scams","negative"
"Bitcoin's potential for high returns attracts young investors","positive"
"Debate intensifies over Bitcoin's true economic impact","neutral"
"Bitcoin's climb reflects increased institutional interest","positive"
"Security concerns loom as Bitcoin-related cyber attacks rise","negative"
"Bitcoin seen as stable investment in turbulent economic times","positive"
"Questions linger over Bitcoin's ability to secure user data","negative"
"Bitcoin's market manipulation concerns resurface amid trading anomalies","negative"
"Influential tech blogger predicts Bitcoin will revolutionize payments","positive"
"Central bank explores potential for Bitcoin in monetary policy","neutral"
"Bitcoin's role in future digital economies becomes clearer","positive"
"Bitcoin faces pivotal moment as major payment platform hesitates on adoption","neutral"
"Bitcoin's influence expands in the tech industry","positive"
"Legal challenges could dictate Bitcoin's future," "negative"
"Bitcoin community celebrates as developer proposes crucial bug fix","positive"
"Concerns mount over Bitcoin's traceability and security features","negative"
"Financial experts dissect Bitcoin's tumultuous year at roundtable","neutral"
"Bitcoin's growth potential spotlighted in new market research","positive"
"Bitcoin's turbulent month sees sharp declines and swift recoveries","neutral"
"Bitcoin poised for disruption in mobile payments","positive"
"Bitcoin's regulatory woes worsen as new laws loom","negative"
"Experts ponder Bitcoin's stability as a currency","neutral"
"Bitcoin's widespread adoption seen as inevitable by market leaders","positive"
"Bitcoin transaction fees on the rise, users look for alternatives","negative"
"Cryptocurrency summit highlights Bitcoin's market challenges","neutral"
"Bitcoin's future brightens with new collaborative initiatives","positive"
"Bitcoin faces downward pressure amid investor uncertainty","negative"
"Bitcoin's resilience tested by global economic shifts","neutral"
"New tech startups embrace Bitcoin for competitive edge","positive"
"Fears grow over Bitcoin's role in international money laundering","negative"
"Bitcoin's price swings leave day traders hesitant","neutral"
"Regulatory success could pave the way for Bitcoin's stability","positive"
"Bitcoin faces critical scrutiny over environmental impact","negative"
"Bitcoin's adaptability seen as key to its survival","neutral"
"Silicon Valley giants bet big on Bitcoin's blockchain technology","positive"
"Government actions could dictate Bitcoin's price in upcoming months","neutral"
"Public sentiment shifts favorably towards Bitcoin amid inflation fears","positive"
"Bitcoin's path to becoming a mainstream financial asset is fraught with challenges","negative"
"Bitcoin's legal battles could shape its future regulatory landscape","neutral"
"Market optimism as Bitcoin recovers from plunge","positive"
"Bitcoin's scalability issues lead to new tech proposals","neutral"
"Major banks forecast tough times ahead for Bitcoin","negative"
"Bitcoin's steady growth dispels some investor fears","positive"
"Concerns about Bitcoin's future in the regulatory maze","negative"
"Bitcoin's adoption curve suggests growing consumer confidence","positive"
"Market unease as Bitcoin faces intense regulatory scrutiny","negative"
"Bitcoin gains traction among millennials, shaking up investment norms","positive"
"Bitcoin's uncertain regulatory status casts shadow over future","negative"
"Academic research reveals potential for Bitcoin to disrupt traditional banking","positive"
"Bitcoin's market volatility sparks concerns among casual investors","negative"
"Institutional investors show cautious optimism towards Bitcoin","neutral"
"Bitcoin's environmental debate reaches Congress","negative"
"Experts highlight Bitcoin's resilience in market downturns","positive"
"Bitcoin's long-term viability questioned by financial pundits","negative"
"Global summit focuses on Bitcoin's potential for economic reform","positive"
"Bitcoin's price stability questioned as fluctuations increase","negative"
"Financial analysts bullish on Bitcoin despite challenges","positive"
"Bitcoin's impact on global remittances gains attention","positive"
"Bitcoin's potential to streamline cross-border transactions highlighted","positive"
"Regulators debate the need for stringent Bitcoin controls","negative"
"Bitcoin's technological innovations foster new business models","positive"
"Bitcoin faces backlash as transaction fees spike","negative"
"Bitcoin's contribution to digital economy explored in new study","positive"
"Investors warned of Bitcoin's high volatility ahead of economic data","negative"
"Bitcoin shows promising signs of recovery post-crash","positive"
"Concerns grow as Bitcoin becomes a tool for illegal transactions","negative"
"Bitcoin's robust market performance signals strong investor confidence","positive"
"New blockchain innovations enhance Bitcoin's security features","positive"
"Economic experts debate Bitcoin's role in future financial crises","neutral"
"Bitcoin's rapid adoption by small businesses signals market expansion","positive"
"Potential for regulatory overhaul seen as pivotal for Bitcoin's growth","neutral"
"Bitcoin's market manipulation concerns overshadow investment gains","negative"
"Influencers' endorsements of Bitcoin spark consumer interest","positive"
"Bitcoin faces scrutiny over potential security vulnerabilities","negative"
"Market speculations drive Bitcoin's price volatility","negative"
"Bitcoin's enduring market presence defies critics","positive"
"Concerns escalate over Bitcoin's data privacy issues","negative"
"Bitcoin's growth stifled by ongoing technological challenges","neutral"
"Bitcoin emerges as a leader in cryptocurrency innovations","positive"
"Analysts warn of Bitcoin's dependency on speculative trading","negative"
"Bitcoin's global influence expands despite regulatory hurdles","positive"
"Bitcoin's role as a financial stabilizer debated amidst economic uncertainty","neutral"
"Surge in Bitcoin trading volume indicates market resilience","positive"
"Bitcoin's scalability challenges could limit future growth","negative"
"Experts divided on Bitcoin's impact on global financial systems","neutral"
"Bitcoin's price benefits from market corrections","positive"
"Bitcoin's use in money laundering cases raises regulatory alarms","negative"
"Bitcoin's blockchain seen as revolutionary, but not without flaws","neutral"
"New consumer protection frameworks aim to secure Bitcoin transactions","positive"
"Bitcoin's price impacted by unexpected global political events","negative"
"Financial institutions reassess Bitcoin's potential as a hedge asset","neutral"
"Bitcoin's privacy features draw mixed reactions from the market","neutral"
"Bitcoin faces off against gold as the preferred safe haven asset","positive"
"Market trends suggest a cautious approach to Bitcoin investment","neutral"
"Bitcoin's foundational technology praised despite market woes","positive"
"Regulatory crackdowns threaten Bitcoin's operational stability","negative"
"Bitcoin's resilience seen in its recovery from regulatory setbacks","positive"
"Bitcoin's market fluctuations present new risks and opportunities","neutral"
"Investor interest in Bitcoin peaks following market rally","positive"
"Bitcoin's transaction speed improvements signal potential for growth","positive"
"Security experts urge caution with Bitcoin amid rising cyber threats","negative"
"Bitcoin's adaptability to market demands seen as key to survival","positive"
"Regulatory clarity could unleash Bitcoin's market potential","neutral"
"Concerns over Bitcoin's sustainability lead to innovative solutions","positive"
"Bitcoin's legal challenges continue to influence market dynamics","negative"
"Financial experts highlight Bitcoin's role in diversified investment strategies","positive"
"Bitcoin's enduring appeal tested by new cryptocurrency technologies","neutral"
"Market speculation fuels Bitcoin's unpredictable price movements","negative"
"Bitcoin's stability questioned as crypto market faces downturn","negative"
"Investors seek safety in Bitcoin amid global financial instability","positive"
"Bitcoin's market adaptation seen as crucial amid economic shifts","positive"
"Regulators struggle to keep pace with Bitcoin's rapid evolution","neutral"
"Bitcoin's potential as a disruptive financial force reaffirmed","positive"
"Bitcoin's privacy concerns complicate its mainstream adoption","negative"
"Emerging markets drive Bitcoin's acceptance as payment method","positive"
"Bitcoin's technological hurdles spark debate over its long-term viability","neutral"
"Bitcoin's price resilience encourages new investor interest","positive"
"Bitcoin Breakthrough: Surge in Adoption as Major Economies Loosen Regulations", "positive"
"Unprecedented Bitcoin Volatility Stirs Regulatory Debate", "negative"
"Bitcoin's Bull Run: A Closer Look at What's Driving the Latest Surge", "positive"
"Financial Titans Hedge Bets on Bitcoin Amidst Global Economic Instability", "positive"
"Sudden Drop in Bitcoin Prices Sends Shockwaves Through Crypto Markets", "negative"
"Analyzing Bitcoin's Role in the Emerging Digital Economy", "neutral"
"Central Banks Rally Against Bitcoin, Citing Systemic Risk Concerns", "negative"
"Bitcoin Sees Record Adoption Rates, Defying Expert Predictions", "positive"
"Bitcoin's Contribution to Digital Sovereignty: Empowering Nations", "positive"
"Growing Concerns Over Bitcoin's Energy Consumption Amidst Climate Crisis", "negative"
"Bitcoin's Price Stability Now Seen as Bellwether for Cryptocurrency Market Health", "neutral"
"Decoding Bitcoin's Impact on Global Financial Systems", "neutral"
"Bitcoin's Resilience Amidst Economic Sanctions Sparks Global Interest", "positive"
"Bitcoin Faces Severe Regulatory Pushback in European Markets", "negative"
"Experts Weigh In: Is Bitcoin a Safe Haven During Economic Uncertainty?", "neutral"
"Bitcoin's Ascendancy as a Major Player in Financial Transactions", "positive"
"Challenges Ahead: Bitcoin's Scalability Issues Could Stunt Growth", "negative"
"Institutional Investors Increase Stakes in Bitcoin, Signalling Market Confidence", "positive"
"Bitcoin's Anonymity Features Under Scrutiny as Governments Clamp Down", "negative"
"Major Outage at Bitcoin Exchange Fuels Security Concerns", "negative"
"Bitcoin's Price Correction: Temporary Setback or Market Maturity Sign?", "neutral"
"Exploring the Psychological Impact of Bitcoin Trading on Investors", "neutral"
"How Bitcoin is Driving Innovation in the Financial Sector", "positive"
"Bitcoin Adoption Skyrockets in Underbanked Regions, Transforming Lives", "positive"
"The Dark Side of Bitcoin: A Tool for Illegal Transactions?", "negative"
"Bitcoin ETFs: A Game Changer for Cryptocurrency Investment?", "positive"
"Government Crackdown on Bitcoin: A Balancing Act Between Control and Innovation", "negative"
"Bitcoin's Market Dominance Challenged by Rising Altcoins", "negative"
"Retail Investors' Growing Appetite for Bitcoin: A New Trend?", "positive"
"Navigating Bitcoin Taxation: Insights for Investors", "neutral"
"Bitcoin's Impact on Traditional Banking: Disruption or Integration?", "neutral"
"Cultural Shifts: Bitcoin's Acceptance as Mainstream Currency Grows", "positive"
"The Regulatory Landscape for Bitcoin: Developments to Watch", "neutral"
"Bitcoin's Potential Role in Enhancing Cybersecurity", "positive"
"Mixed Reactions as Bitcoin's Value Fluctuations Test Market Sentiments", "neutral"
"Exploring the Link Between Bitcoin and the Global Economy", "neutral"
"Bitcoin as a Financial Revolution: Opportunities and Challenges", "neutral"
"High Profile Hacks Put Bitcoin's Security Measures to the Test", "negative"
"Is Bitcoin the Future of Money? Global Experts Share Insights", "neutral"
"Bitcoin's Role in Political Conflicts: Censorship Resistance Examined", "positive"
"Market Manipulation Allegations Disturb Bitcoin Investment Landscape", "negative"
"Celebrity Endorsements Propel Bitcoin's Popularity to New Heights", "positive"
"Debating Bitcoin's True Value: Speculation or Investment?", "neutral"
"Bitcoin's Legal Challenges: Navigating Through Uncertainty", "negative"
"The Surging Demand for Bitcoin: Implications for Global Finance", "positive"
"Potential for Bitcoin in Revolutionizing Remittances", "positive"
"Bitcoin's Volatility: Boon or Bane for Traders?", "neutral"
"The Socioeconomic Implications of Widespread Bitcoin Adoption", "neutral"
"Bitcoin's Influence on Monetary Policy: Central Bank Perspectives", "neutral"
"Emerging Trends: Bitcoin's Increasing Use in Real Estate Transactions", "positive"
"Fostering a Sustainable Future Through Bitcoin's Blockchain Technology", "positive"
"Risks and Rewards: Corporate Bitcoin Investments as Strategic Assets", "positive"
"Bitcoin's Fluctuating Prices: What Future Investors Must Know", "neutral"
"Geopolitical Effects on Bitcoin's Stability and Growth", "neutral"
"Grassroots Movements Lead Surge in Bitcoin Popularity", "positive"
"New Technologies Enhance Bitcoin's Transaction Efficiency", "positive"
"Understanding Bitcoin's Market Cycles: Insights from Financial Experts", "neutral"
"Global Economic Factors Influencing Bitcoin's Price Dynamics", "neutral"
"Bitcoin's Evolving Regulatory Environment: A Global Overview", "neutral"
"The Struggle for Bitcoin's Soul: Community Debates Direction", "neutral"
"Cryptocurrency Exchanges Expand: Bitcoin Leading the Way", "positive"
"How Bitcoin Is Shaping the Future of Global Commerce", "positive"
"Bitcoin and Blockchain: Redefining Financial Security", "positive"
"Navigating Tax Implications for Bitcoin Investors", "neutral"
"Bitcoin: The New Frontier in Digital Wealth Management", "positive"
"Examining the Impact of Bitcoin on Global Trade Policies", "neutral"
"Bitcoin's Rising Role in Election Financing: Transparency vs. Anonymity", "neutral"
"Bitcoin's Growing Influence in the Tech Industry", "positive"
"The Intersection of Bitcoin and Artificial Intelligence: Future Prospects", "positive"
"Bitcoin's Pioneering Role in Developing Digital Economies", "positive"
"Overcoming Barriers: Bitcoin's Path Towards Financial Inclusion", "positive"
"The Influence of Market Sentiment on Bitcoin's Valuation", "neutral"
"Bitcoin's Adaptation in the Fintech Ecosystem", "positive"
"Addressing Misconceptions: Bitcoin's Environmental Impact", "negative"
"Bitcoin's Future: Balancing Economic Opportunity and Regulatory Risk", "neutral"
"Exploring Bitcoin's Potential in Disrupting Traditional Finance", "positive"
"Bitcoin's Role in Strengthening Digital Identity Systems", "positive"
"Projections for Bitcoin in a Post-Pandemic World", "positive"
"Debate Continues: Is Bitcoin a Viable Alternative for Economic Stability?", "neutral"
"Bitcoin's Contribution to Digital Governance and Policy Making", "positive"
"Assessing the Impact of Global Regulatory Changes on Bitcoin", "negative"
"Bitcoin: The Currency of Resistance in Political Struggles", "positive"
"How Bitcoin is Transforming the Landscape of Modern Philanthropy", "positive"
"Bitcoin in Developing Markets: Catalyst for Change or Risk Amplifier?", "neutral"
"Exploring the Viability of Bitcoin as a Global Reserve Currency", "neutral"
"Potential Impact of Quantum Computing on Bitcoin's Security", "negative"
"Navigating Bitcoin's Challenges: From Technical Limitations to Market Opportunities", "neutral"
"The Dual Edges of Bitcoin's Anonymity: Asset or Liability?", "neutral"
"The Evolving Intersection of Bitcoin with Global Financial Regulations", "neutral"
"Examining Bitcoin's Role in Future Digital Currency Wars", "neutral"
"Optimizing Bitcoin's Network for Future Scalability Challenges", "positive"
"The Role of Bitcoin in Pioneering Privacy-Enhanced Financial Transactions", "positive"
"Bitcoin's Market Position Amidst Crypto Volatility", "neutral"
"Reassessing Bitcoin's Utility Beyond Speculative Investment", "neutral"
"Global Shifts in Bitcoin's Perception and Regulation", "neutral"
"The Promise of Bitcoin: Economic Freedom or Financial Risk?", "neutral"
"Bitcoin's Innovative Impact on Payment Systems Worldwide", "positive"
"Strategic Investments: The Rise of Bitcoin in Institutional Portfolios", "positive"
"Bitcoin's Regulatory Roadmap: Navigating Complex Global Landscapes", "neutral"
"Bitcoin and the Promise of Decentralization: Reality vs. Hype", "neutral"
"Bitcoin’s Growth Amidst Global Financial Uncertainty: A Safe Haven or a Speculator’s Bet?", "neutral"
"Local Governments Embrace Bitcoin: Innovations and Challenges Ahead", "positive"
"Bitcoin's Integration into Mainstream Banking: Progress and Setbacks", "neutral"
"Analyzing Bitcoin's Deflationary Nature: Economic Benefits and Risks", "neutral"
"Bitcoin Futures Trading: Market Predictions and Economic Impacts", "positive"
"Public Sector Investments in Bitcoin: A New Trend?", "positive"
"Bitcoin's Role in the Next-Generation Digital Economy", "positive"
"Unexpected Bitcoin Rally Shakes Up the Cryptocurrency Market", "positive"
"Bitcoin's Privacy Issues: Balancing Anonymity with Security Demands", "neutral"
"Global Impact of Bitcoin on Remittances: Reducing Costs and Barriers", "positive"
"Bitcoin and Global Economic Sanctions: The New Frontier of Resistance?", "positive"
"Cryptocurrency Enthusiasts Debate Bitcoin's Future Potential", "neutral"
"Bitcoin as a Diversification Strategy in Institutional Portfolios", "positive"
"Environmental Impact of Bitcoin Mining: Seeking Sustainable Solutions", "negative"
"The Rise of Bitcoin Cities: Economic Utopia or Cryptocurrency Hype?", "neutral"
"Bitcoin's Volatility Examined: Implications for Investors and Traders", "neutral"
"New Research Explores Bitcoin's Role in Financial Inclusion", "positive"
"Bitcoin Adoption Barriers: Overcoming Public Skepticism", "neutral"
"Tech Giants Pivot Towards Bitcoin: Market Impacts and Future Prospects", "positive"
"The Legal Battle Over Bitcoin Regulation: What’s at Stake?", "neutral"
"Bitcoin and the Challenge of Transaction Speed Improvements", "neutral"
"How Bitcoin Is Influencing Global Monetary Policies", "neutral"
"Theoretical and Practical Implications of Bitcoin as a Store of Value", "neutral"
"Bitcoin's Looming Scalability Issues: Potential Fixes and Fallbacks", "neutral"
"Analyzing the Shift from Gold to Bitcoin Among Modern Investors", "positive"
"Bitcoin's Security Flaws: Revelations and Repercussions", "negative"
"Prospects of Bitcoin in Strengthening Non-Profit Financial Transactions", "positive"
"The Economics of Bitcoin: Market Analysis and Future Directions", "neutral"
"Debate Over Bitcoin's Value as an Investment Intensifies", "neutral"
"Major Corporate Backing Could Propel Bitcoin to New Heights", "positive"
"Bitcoin's Role in Political Funding: Transparency Versus Anonymity", "neutral"
"The Intrinsic Value of Bitcoin: An Unresolved Debate", "neutral"
"Market Dynamics: Bitcoin Versus Traditional Stock Exchanges", "neutral"
"Bitcoin: The Anti-Inflationary Alternative or a Speculative Bubble?", "neutral"
"Investor Alert: Bitcoin's Rapid Appreciation Raises Concerns", "neutral"
"Central Bank Digital Currencies (CBDC) vs. Bitcoin: A Comparative Analysis", "neutral"
"Bitcoin’s Uncertain Path Forward: Regulatory and Market Predictions", "neutral"
"Bitcoin in the Arts: NFTs and Beyond", "positive"
"Impact of Bitcoin on Traditional Financial Services: Disruption or Integration?", "neutral"
"Bitcoin's Contribution to Capital Markets: Enhancing Liquidity and Transparency", "positive"
"Consumer Protection in the Age of Bitcoin: Necessary Legal Frameworks", "neutral"
"Bitcoin and the Future of Decentralized Autonomous Organizations (DAOs)", "positive"
"Exploring the Psychological Drivers Behind Bitcoin Adoption", "neutral"
"Bitcoin’s Market Sentiment: Navigating Through Extreme Fluctuations", "neutral"
"Implications of Bitcoin for Global Trade Finance", "positive"
"Bitcoin as a Revolutionary Tech: Empowering the Unbanked", "positive"
"Bitcoin and Its Complex Relationship with Global Regulations", "neutral"
"The Pros and Cons of Investing in Bitcoin: A Detailed Review", "neutral"
"Global Standards and Practices for Bitcoin Transactions and Security", "positive"
"The Role of Bitcoin in Shaping Internet Governance", "positive"
"Forecasting the Long-term Economic Impact of Bitcoin", "neutral"
"Cultural and Social Aspects of Bitcoin as a Global Currency", "neutral"
"Navigating Bitcoin's Tax Implications Across Different Jurisdictions", "neutral"
"Bitcoin in Warfare: The New Age of Crypto-Funded Conflicts?", "neutral"
"Bitcoin's Influence on Media and Advertising Industries", "positive"
"Analyzing Bitcoin’s Impact on Other Cryptocurrency Markets", "positive"
"Bitcoin’s Journey: From Underground Currency to Financial Mainstream", "positive"
"Technological Advancements Propel Bitcoin Towards Greater Adoption", "positive"
"Bitcoin's Impact on Corporate Treasury Management", "positive"
"Exploring Bitcoin’s Utility in Crisis Regions: More Than Just Money", "positive"
"Bitcoin and Its Increasing Role in Corporate Diversification Strategies", "positive"
"Bitcoin's Viability in High-Inflation Economies", "positive"
"Emerging Technologies and Their Impact on Bitcoin’s Future", "neutral"
"Bitcoin’s Role in the Global Financial Ecosystem: A Closer Look", "neutral"
"Bitcoin and the Re-definition of Financial Privacy", "neutral"
"The Impact of Bitcoin on Global Banking: Disruption or Innovation?", "neutral"
"Bitcoin’s Carbon Footprint: Criticism and Defense", "negative"
"The Expanding Universe of Bitcoin: New Applications and Challenges", "neutral"
"Bitcoin’s Fluctuations: New Norms in a Post-Pandemic Economy", "neutral"
"Economic Theories Behind Bitcoin’s Market Behavior", "neutral"
"Bitcoin's Influence on the Stability of the Global Financial System", "neutral"
"Potential Regulatory Futures for Bitcoin and What They Mean for Investors", "neutral"
"Bitcoin's Role in the Evolving Landscape of Global Sanctions", "neutral"
"The Security Paradigm of Bitcoin: Evaluations and Evolutions", "positive"
"How Bitcoin is Transforming the Landscape of Economic Sanctions", "positive"
"Bitcoin’s Path to Becoming a Mainstream Financial Instrument", "positive"
"Analyzing the Geopolitical Implications of Bitcoin's Rise", "neutral"
"Bitcoin and Its Potential to Disrupt Traditional Currency Systems", "positive"
"The Debate on Bitcoin’s Sustainability: Environmental versus Economic Perspectives", "neutral"
"Navigating the Complexities of Bitcoin in the International Legal Framework", "neutral"
"Bitcoin’s Global Legal Challenges: A Comprehensive Overview", "neutral"
"Investigating Bitcoin's Potential to Counter Economic Hyperinflation", "positive"
"The Future of Banking: Does Bitcoin Represent a Paradigm Shift?", "neutral"
"Bitcoin’s Integration with New Digital Payment Systems", "positive"
"Exploring Strategic Investments in Bitcoin by Major Financial Institutions", "positive"
"Bitcoin as a Digital Asset: Legal, Tax, and Regulatory Considerations", "neutral"
"Comparative Analysis of Bitcoin and Emerging Digital Currencies", "neutral"
"Bitcoin’s Potential to Disrupt Global Remittance Markets", "positive"
"Bitcoin’s Impact on Personal Wealth Management Strategies", "positive"
"The Long-term Viability of Bitcoin: Economic and Environmental Costs", "neutral"
"Bitcoin and the Shift Towards Digital Currency in Asia", "positive"
"Deconstructing Bitcoin’s Price Movements: Market Influences and Speculations", "neutral"
"Bitcoin: Evaluating the Risks and Rewards of Cryptocurrency Investments", "neutral"
"Innovation in Bitcoin: From Blockchain Technology to Financial Services", "positive"
"Bitcoin’s Role in the Future of Digital Transactions and Privacy", "positive"
"The Economic Impact of Bitcoin on Global Financial Regulations", "neutral"
"Strategic Implications of Bitcoin for Global Finance", "positive"
"The Duality of Bitcoin: Economic Empowerment versus Risk Proliferation", "neutral"
"Bitcoin's Global Adoption: Economic Benefits and Challenges", "neutral"
"Reassessing the Security of Bitcoin in Light of Emerging Cyber Threats", "negative"
"Bitcoin's appeal as a recession-proof asset gains traction among investors","positive"
"Bitcoin's transaction backlog creates delays, frustrating users","negative"
"Stability in Bitcoin's price encourages new institutional investments","positive"
"Bitcoin's role as a disruptive force in the financial sector intensifies debate","neutral"
"Growing regulatory acceptance of Bitcoin bolsters market confidence","positive"
"Sudden regulatory clampdowns in Asia send Bitcoin prices tumbling","negative"
"Bitcoin's adoption by major e-commerce platforms heralds new growth phase","positive"
"Analysts predict Bitcoin could see significant downturns amid market overvaluation","negative"
"Bitcoin's influence on global finance debated at international summit","neutral"
"Bitcoin seen as an alternative to traditional wealth preservation methods","positive"
"Rumors of Bitcoin's role in tax evasion heighten regulatory scrutiny","negative"
"Central banks' interest in Bitcoin sparks discussions on monetary policy implications","neutral"
"Increasing number of Bitcoin wallets indicates wider user adoption","positive"
"Security vulnerabilities discovered in Bitcoin wallets raise alarms","negative"
"Debate on Bitcoin's environmental impact gains urgency as usage grows","negative"
"Bitcoin's resilience in market crashes prompts comparisons with gold","positive"
"Concerns about Bitcoin's bubble burst potential lead to cautious investment","negative"
"Bitcoin's growing acceptance in the real estate sector boosts transaction volumes","positive"
"Major investment firms retract Bitcoin endorsements citing volatility concerns","negative"
"Discussion on Bitcoin's scalability issues dominates crypto conference","neutral"
"Bitcoin defies skeptics with sustained price growth over the quarter","positive"
"Experts call for a balanced approach to Bitcoin regulation to foster innovation","neutral"
"Bitcoin's potential to facilitate small business transactions explored","positive"
"Government crackdown on Bitcoin mining cites environmental concerns","negative"
"Bitcoin's maturation as an asset class attracts blue-chip investors","positive"
"Bitcoin faces new competitive threats from state-backed digital currencies","negative"
"Market sentiment on Bitcoin mixed as investors weigh volatility against returns","neutral"
"Increased Bitcoin adoption in underdeveloped regions highlights potential for financial inclusion","positive"
"Bitcoin criticized for lack of intrinsic value during economic symposium","negative"
"Emergence of Bitcoin as a topic in mainstream financial education","neutral"
"Bitcoin's market response to geopolitical tensions underlines its safe haven status","positive"
"Bitcoin transaction fee spike leads to concern over use in everyday transactions","negative"
"Tech industry leaders highlight Bitcoin's potential in next-generation financial infrastructures","positive"
"Regulatory indecision on Bitcoin creates market uncertainty","neutral"
"Bitcoin's operational resilience tested by rapid increases in transaction volume","neutral"
"Financial analysts caution against Bitcoin's speculative nature as volatility persists","negative"
"Bitcoin achieves new transaction speed milestones with latest network upgrades","positive"
"Market experts debate Bitcoin's long-term price trajectory at finance forum","neutral"
"Economic impact of Bitcoin examined in new comprehensive study","neutral"
"Bitcoin's role in enhancing digital identity verification explored","positive"
"Controversy arises over Bitcoin's use in international sanctions evasion","negative"
"Bitcoin's adoption as legal tender in more countries sparks global discussions","positive"
"Investor interest in Bitcoin diversifies into new sectors","positive"
"Bitcoin's long-term prospects debated as new technologies emerge","neutral"
"Speculation about Bitcoin's future increases after record-breaking price volatility","neutral"
"Bitcoin's decentralization hailed as a major technological achievement","positive"
"Bitcoin's price surge linked to speculative trading, raises bubble concerns","negative"
"Legal hurdles for Bitcoin escalate as countries tighten financial regulations","negative"
"Bitcoin's growing use in commercial transactions prompts new tax guidelines","neutral"
"Bitcoin's market adaptability seen in response to regulatory shifts","positive"
"Bitcoin's public ledger technology paves the way for innovative legal applications","positive"
"New academic papers suggest Bitcoin's market movements predict broader economic trends","neutral"
"Bitcoin's potential downturn from regulatory pressures causes market unease","negative"
"Financial platforms integrate Bitcoin, expanding its availability and utility","positive"
"Concerns mount as Bitcoin becomes more intertwined with global financial systems","neutral"
"Bitcoin's energy consumption criticized amid heightened environmental awareness","negative"
"Bitcoin's price resilience seen as testament to its growing market maturity","positive"
"Bitcoin's role in the shadow economy attracts regulatory attention","negative"
"Evidence suggests Bitcoin transactions may boost economic activity in emerging markets","positive"
"Bitcoin faces new challenges from technological advancements in competing cryptocurrencies","negative"
"Growing debate on whether Bitcoin can maintain its lead in the cryptocurrency market","neutral"
"Bitcoin's innovative network upgrades aim to enhance security and efficiency","positive"
"Financial experts argue Bitcoin might be the most disruptive technology since the internet","positive"
"Bitcoin's price fluctuations leave market analysts divided on its future direction","neutral"
"Rising Bitcoin adoption among tech companies highlights its growing economic influence","positive"
"Bitcoin's price stability increasingly viewed as a sign of its potential as a mainstream financial asset","neutral"
"Regulatory uncertainty for Bitcoin continues to impact its market performance","negative"
"Bitcoin's capacity to disrupt traditional banking gains more attention","positive"
"Bitcoin's increasing market cap invokes debates on its potential bubble","negative"
"Bitcoin's integration into payment systems seen as key to its long-term viability","neutral"
"Bitcoin's growth in market depth and liquidity signals increasing investor confidence","positive"
"New controversies emerge regarding Bitcoin's role in financial instability","negative"
"Bitcoin's potential as a global reserve currency sparks international debate","neutral"
"Bitcoin's security protocols tested as cyber threats increase","negative"
"Growing public and regulatory scrutiny of Bitcoin impacts market dynamics","neutral"
"Bitcoin's increasing use cases in sectors like real estate and healthcare highlighted","positive"
"Concerns about Bitcoin's long-term environmental impact persist despite new mitigation technologies","negative"
"Bitcoin's adoption by financial institutions seen as pivotal for its acceptance","positive"
"Market researchers predict a bullish future for Bitcoin despite current challenges","positive"
"Bitcoin's scalability improvements anticipated to boost transaction capacities","positive"
"Regulators grapple with Bitcoin's anonymity features amidst growing privacy concerns","negative"
"Bitcoin's perceived value swings as investors debate its status as digital gold","neutral"
"Bitcoin's price sensitivity to regulatory news highlights market's regulatory concerns","negative"
"New fintech collaborations aim to leverage Bitcoin for broader financial services","positive"
"Bitcoin's evolving role in asset diversification discussed in financial circles","neutral"
"Bitcoin's transactional efficiency gains spotlight amid growing demand for faster payments","positive"
"Increasing institutional investment in Bitcoin seen as validation of its financial potential","positive"
"Bitcoin's legal status remains a key hurdle in its adoption journey","negative"
"Technical improvements in Bitcoin network enhance its scalability and security","positive"
"Skepticism grows around Bitcoin's claim as a deflationary currency amidst economic shifts","neutral"
"Bitcoin's market corrections seen as healthy adjustments by financial analysts","neutral"
"Challenges in Bitcoin's user experience highlight areas for development","neutral"
"Debates intensify over Bitcoin's potential to replace traditional currency systems","neutral"
"Bitcoin's adoption drives innovation in cryptographic security technologies","positive"
"Financial regulators increase scrutiny of Bitcoin amid concerns over market manipulation","negative"
"Bitcoin's price volatility continues to attract speculative investors","negative"
"Experts highlight Bitcoin's potential for reducing transaction costs in global trade","positive"
"Bitcoin's integration into mainstream financial systems remains complex and contested","neutral"
"Potential regulatory changes could significantly impact Bitcoin's future market position","neutral"
"Bitcoin's privacy and security features continue to attract users despite regulatory challenges","positive"
"Concerns over Bitcoin's role in financial crimes complicate regulatory responses","negative"
"Bitcoin's market resilience tested by stringent global regulatory environments","neutral"
"New market research shows Bitcoin's potential to disrupt traditional banking models","positive"
"Bitcoin's environmental impact remains a contentious issue despite new sustainable mining solutions","negative"
"Bitcoin's rapid adoption fosters widespread debate on its economic impact","neutral"
"Ongoing Bitcoin innovations promise to enhance its performance and accessibility","positive"
"Bitcoin's market fluctuations reflect its sensitivity to geopolitical events","neutral"
"Regulatory debates around Bitcoin intensify as its popularity grows","negative"
"Bitcoin's security enhancements aim to build trust among users and regulators","positive"
"Concerns about Bitcoin's scalability addressed with new technological solutions","positive"
"Bitcoin's role in enhancing financial inclusion recognized globally","positive"
"Speculation about Bitcoin's bubble risk intensifies following market surges","negative"
"Bitcoin's contribution to technological innovation in finance continues to evolve","positive"
"Market uncertainty impacts Bitcoin as regulatory and economic conditions fluctuate","neutral"
"Bitcoin's potential to revolutionize payment systems gains traction","positive"
"Bitcoin's market dominance challenges as alternative cryptocurrencies gain ground","negative"
"Debate over Bitcoin's economic impact continues as adoption grows","neutral"
"Bitcoin's regulatory landscape becomes increasingly complex as governments react","negative"
"Bitcoin's robustness during financial crises reevaluates its role as a safe haven","positive"
"Experts divided over Bitcoin's future as a mainstream financial instrument","neutral"
"Bitcoin's adaptability to new financial ecosystems seen as crucial for its survival","positive"
"Concerns over Bitcoin's energy use lead to increased investment in sustainable mining technologies","negative"
"Bitcoin's price volatility seen as a barrier to its adoption as a stable currency","negative"
"Bitcoin's potential as a tool for economic empowerment attracts global attention","positive"
"Regulatory clarity seen as essential for Bitcoin's continued market growth","neutral"
"Bitcoin's increasing visibility in global markets prompts new consumer protection strategies","neutral"
"Bitcoin's technological underpinnings are praised, but its market behavior stirs controversy","neutral"
"Bitcoin's fluctuating value prompts renewed interest in its long-term viability","neutral"
"Bitcoin's growth in user adoption competes with rising concerns over its environmental footprint","negative"
"Bitcoin's potential to reshape global finance continues to be a hotly debated topic","neutral"
"New partnerships aim to expand Bitcoin's use in international commerce","positive"
"Bitcoin's legal challenges could undermine its potential as a global financial tool","negative"
"Bitcoin's enduring market presence underscores its resilience against economic fluctuations","positive"
"Market enthusiasm for Bitcoin dampened by high transaction fees and network congestion","negative"
"Bitcoin's decentralized nature fuels ongoing debates about its regulatory implications","neutral"
"Bitcoin's price stability increasingly questioned as market conditions change","negative"
"Bitcoin's role in new digital identity frameworks explored","positive"
"Bitcoin's market corrections provide opportunities for investors to enter at lower prices","positive"
"Ongoing debates about Bitcoin's status as a currency or asset highlight its complex nature","neutral"
"Bitcoin's scalability and efficiency improvements seen as vital for its mainstream adoption","positive"
"Regulatory uncertainties continue to affect Bitcoin's price and market stability","negative"
"Bitcoin's adoption faces hurdles from technological and regulatory challenges","neutral"
"Bitcoin's potential to disrupt traditional payment systems sparks both interest and concern","neutral"
"Bitcoin's privacy features attract users but complicate regulatory oversight","negative"
"Bitcoin's price surge rekindles debates about its sustainability and true value","neutral"
"Bitcoin's role in international finance scrutinized amid growing regulatory pressures","negative"
"Bitcoin's resilience amid market turmoil makes it an attractive option for investors","positive"
"Concerns about Bitcoin's long-term environmental impact persist","negative"
"Bitcoin's growing integration with mainstream financial systems seen as a pivotal development","positive"
"Bitcoin's market influence expands despite ongoing regulatory challenges","positive"
"New technological developments promise to enhance Bitcoin's security and user experience","positive"
"Bitcoin's potential role in future global economic stability continues to attract debate","neutral"
"Bitcoin's adaptability to regulatory changes seen as key to its longevity","neutral"
"Bitcoin's volatility highlights challenges and opportunities for traders","neutral"
"Bitcoin's role as a digital gold is debated amid fluctuations in market valuation","neutral"
"Regulatory scrutiny of Bitcoin intensifies as its financial impact grows","negative"
"Bitcoin's market penetration in emerging economies signals potential for massive growth","positive"
"Bitcoin's technological advances open new avenues for crypto innovation","positive"
"Debate over the economic implications of Bitcoin's growth intensifies","neutral"
"Bitcoin's price stability challenged by sudden market drops","negative"
"Bitcoin's security issues present ongoing challenges for users and regulators","negative"
"Bitcoin's potential to disrupt traditional financial institutions remains a key theme","positive"
"Market trends indicate a cautious optimism for Bitcoin amid economic uncertainties","neutral"
"Bitcoin's environmental sustainability becomes a central issue in market discussions","negative"
"Bitcoin's regulatory future remains uncertain, affecting market confidence","negative"
"Bitcoin's role in facilitating international trade gains attention","positive"
"Bitcoin's contribution to global economic diversification discussed at summit","positive"
"Concerns about Bitcoin's market manipulation potential lead to calls for tighter regulation","negative"
"Bitcoin's integration into financial portfolios considered a major step for crypto acceptance","positive"
"Bitcoin's potential impact on global remittance markets explored","positive"
"Regulatory developments shape the landscape for Bitcoin's growth","neutral"
"Bitcoin's market dynamics scrutinized following high-profile cyber incidents","negative"
"Bitcoin's resilience to geopolitical tensions underscores its potential as a stable investment","positive"
"Ongoing regulatory debates about Bitcoin reflect its complex legal status","neutral"
"Bitcoin's scalability issues addressed in latest network upgrade","positive"
"Bitcoin's price fluctuations prompt new discussions about market stability","neutral"
"Bitcoin's role in enhancing cybersecurity measures gains attention","positive"
"Debate over Bitcoin's future as a mainstream financial asset intensifies","neutral"
"Bitcoin's increasing use in cross-border transactions highlights its potential for global trade","positive"
"Concerns rise over Bitcoin's use in illegal activities despite benefits","negative"
"Bitcoin's technological robustness tested as new vulnerabilities are discovered","negative"
"Bitcoin's potential to influence global monetary policies debated at economic forums","neutral"
"Bitcoin's growth reflects increased market confidence despite regulatory hurdles","positive"
"Bitcoin's potential role in digital economies considered at global tech conferences","positive"
"Concerns about Bitcoin's environmental impact lead to increased regulatory attention","negative"
"Bitcoin's price resilience during economic downturns attracts new investors","positive"
"Regulatory clarity for Bitcoin sought as part of broader fintech innovation push","neutral"
"Bitcoin's role in political resistance movements highlighted during global unrest","positive"
"Bitcoin's impact on financial privacy and security debated amid growing use","neutral"
"Bitcoin's influence on the global financial system gains prominence as adoption increases","positive"
"Market speculation about Bitcoin's future intensifies following latest price surge","neutral"
"Bitcoin's adoption among mainstream financial entities seen as critical for its future","positive"
"Bitcoin's scalability challenges considered a significant barrier to wider adoption","negative"
"Bitcoin's regulatory landscape evolves as governments seek to harness its benefits while mitigating risks","neutral"
"Concerns about Bitcoin's potential for financial instability lead to cautious regulatory approaches","negative"
"Bitcoin's market adjustments seen as reflective of broader economic trends","neutral"
"Bitcoin's stability issues lead to renewed calls for technological upgrades","negative"
"Bitcoin's growing market presence fuels debate over its long-term prospects","neutral"
"Bitcoin's potential as a hedge against economic instability attracts investor interest","positive"
"Regulatory uncertainties pose challenges to Bitcoin's adoption as a mainstream financial tool","negative"
"Bitcoin's role in future financial ecosystems continues to evolve amid technological advances","positive"
"Bitcoin's privacy implications scrutinized as usage expands","neutral"
"Debate over Bitcoin's sustainability practices leads to increased investor scrutiny","negative"
"Bitcoin's market resilience proves attractive to investors during global financial uncertainty","positive"
"Concerns over Bitcoin's role in economic disparities prompt regulatory reevaluation","negative"
"Bitcoin's technology seen as a potential catalyst for financial innovation","positive"
"Bitcoin's impact on traditional banking systems remains a contentious issue","neutral"
"Bitcoin's potential to streamline financial transactions gains traction","positive"
"Regulatory backlash against Bitcoin intensifies as governments enforce stricter controls","negative"
"Bitcoin's role in global economic reform discussed at international finance conferences","positive"
"Concerns about Bitcoin's stability as a currency lead to heightened market volatility","negative"
"Bitcoin's growing adoption in various sectors seen as testament to its versatility","positive"
"Bitcoin's potential impact on monetary policy remains a hotly debated topic","neutral"
"Bitcoin's regulatory issues complicate its integration into mainstream financial systems","negative"
"Bitcoin's economic impact viewed as mixed, with potential both to innovate and destabilize","neutral"
"Bitcoin's resilience in the face of regulatory challenges seen as a positive sign for investors","positive"
"Bitcoin's environmental concerns continue to provoke debate among policymakers","negative"
"Bitcoin's technological innovations drive its adoption across various industries","positive"
"Bitcoin's role as a vehicle for investment diversification attracts attention from financial analysts","positive"
"Bitcoin's price volatility seen as a major risk for casual investors","negative"
"Bitcoin's potential as a revolutionary financial technology continues to attract interest","positive"
"Regulatory scrutiny of Bitcoin increases as its financial impact grows","negative"
"Bitcoin's adaptability to financial regulations seen as key to its future success","neutral"
"Bitcoin's role in enhancing financial inclusion praised, but challenges remain","positive"
"Bitcoin's market fluctuations provide opportunities for strategic investors","positive"
"Bitcoin's legal status continues to be an area of intense regulatory focus","negative"
"Bitcoin's impact on global financial stability debated as adoption spreads","neutral"
"Bitcoin's potential to reduce transaction costs in global commerce explored","positive"
"Bitcoin's environmental footprint becomes a focal point for critics","negative"
"Bitcoin's security features evolve as threats increase","positive"
"Bitcoin's integration into global markets seen as a positive development","positive"
"Bitcoin's role in financial markets scrutinized amid growing regulatory interest","neutral"
"Bitcoin's price stability improves, attracting more institutional investors","positive"
"Concerns about Bitcoin's scalability and efficiency addressed with new technology","positive"
"Bitcoin's contribution to economic resilience highlighted during financial crises","positive"
"Bitcoin's privacy and security features draw attention amid increasing cyber threats","neutral"
"Bitcoin's market position challenged by newer cryptocurrencies with advanced features","negative"
"Bitcoin's regulatory challenges seen as a major hurdle to its wider acceptance","negative"
"Bitcoin's role in bypassing traditional banking systems gains attention","positive"
"Bitcoin's potential as a global reserve currency continues to be explored","neutral"
"Bitcoin's impact on international trade discussed as part of economic globalization","positive"
"Bitcoin's adoption in mainstream financial operations seen as a key growth driver","positive"
"Bitcoin's environmental sustainability questioned as mining demands increase","negative"
"Bitcoin's price corrections seen as part of normal market cycles","neutral"
"Bitcoin's security enhancements aim to address rising cyber threats","positive"
"Bitcoin's fluctuating prices highlight challenges in its adoption as stable currency","negative"
"Bitcoin's market resilience highlighted as it recovers from regulatory setbacks","positive"
"Bitcoin's integration with traditional financial systems continues to evolve","neutral"
"Bitcoin's role in financial innovation discussed at technology summits","positive"
"Bitcoin's market influence grows despite ongoing regulatory uncertainties","positive"
"Bitcoin's privacy concerns complicate its adoption in regulated markets","negative"
"Bitcoin's potential to disrupt traditional financial institutions remains a key discussion point","positive"
"Bitcoin's environmental impact scrutinized in light of sustainability goals","negative"
"Bitcoin's technological challenges and opportunities explored in recent study","neutral"
"Bitcoin's role in economic diversification seen as both a risk and opportunity","neutral"
"Bitcoin's regulatory environment remains uncertain, impacting its market stability","negative"
"Bitcoin's potential for financial inclusion highlighted in new reports","positive"
"Bitcoin's price volatility continues to concern new and existing investors","negative"
"Bitcoin's security protocols tested by increasing instances of cyber attacks","negative"
"Bitcoin's role in the global economy considered at financial policy forums","neutral"
"Bitcoin's adaptability to market demands seen as a critical factor in its ongoing success","positive"
"Bitcoin's market corrections viewed as natural adjustments by financial analysts","neutral"
"Bitcoin's growth in user base seen as indicative of broader adoption trends","positive"
"Bitcoin's potential as a non-sovereign currency attracts attention amid political unrest","positive"
"Bitcoin's impact on global remittances gains attention as transaction fees drop","positive"
"Bitcoin's technological advancements promise to reduce its environmental footprint","positive"
"Bitcoin's price stability increasingly seen as a marker of its maturity as an asset","positive"
"Bitcoin's role in financial markets remains complex and multifaceted","neutral"
"Bitcoin's potential to challenge traditional financial systems gains traction","positive"
"Bitcoin's scalability issues continue to be a focal point for developers","neutral"
"Bitcoin's security issues prompt calls for more robust cryptographic protections","negative"
"Bitcoin's integration into mainstream financial systems seen as a milestone","positive"
"Bitcoin's regulatory challenges potentially hindering its broader adoption","negative"
"Bitcoin's price surges seen as speculative bubbles by some analysts","negative"
"Bitcoin's market dominance questioned as altcoins gain traction","negative"
"Bitcoin's potential role in geopolitical strategies discussed at international forums","neutral"
"Bitcoin's impact on global financial stability debated by economists","neutral"
"Bitcoin's price dips seen as buying opportunities by some investors","positive"
"Bitcoin's role in enhancing financial transparency highlighted","positive"
"Bitcoin's environmental debate continues as stakeholders seek sustainable solutions","negative"
"Bitcoin's adoption faces regulatory and technological hurdles","neutral"
"Bitcoin's potential as a digital gold reaffirmed during market turbulences","positive"
"Bitcoin's price volatility highlighted as a significant barrier to its use as a currency","negative"
"Bitcoin's growth in market cap seen as a positive indicator of its financial potential","positive"
"Bitcoin's technological innovations foster new uses in digital transactions","positive"
"Bitcoin's regulatory scrutiny increases as its financial impact becomes more significant","negative"
"Bitcoin's role as a hedge against inflation re-evaluated amid economic changes","neutral"
"Bitcoin's scalability enhancements aim to support its growing user base","positive"
"Bitcoin's market fluctuations prompt regulatory calls for increased transparency","negative"
"Bitcoin's environmental concerns mount as mining intensifies","negative"
"Bitcoin's role in the digital economy continues to evolve amid technological advances","positive"
"Bitcoin's security measures scrutinized following significant breaches","negative"
"Bitcoin's potential to disrupt traditional banking systems explored in new study","positive"
"Bitcoin's price stability questioned as speculative actions increase","negative"
"Bitcoin's adoption in mainstream finance seen as key to its long-term viability","positive"
"Bitcoin's market resilience during economic downturns sparks investor interest","positive"
"Bitcoin's potential as a financial innovation continues to attract debate","neutral"
"Bitcoin's regulatory environment seen as a significant factor in its market movements","neutral"
"Bitcoin's scalability solutions critical as transaction volumes grow","positive"
"Bitcoin's price movements analyzed in the context of global economic indicators","neutral"
"Bitcoin's role in future financial systems debated amid evolving market conditions","neutral"
"Bitcoin's environmental impact becomes a critical issue in regulatory discussions","negative"
"Bitcoin's potential for widespread adoption seen as dependent on technological advancements","neutral"
"Bitcoin's market presence strengthens as more financial institutions get involved","positive"
"Bitcoin's price volatility seen as a challenge to its acceptance as a stable currency","negative"
"Bitcoin's security concerns rise as new vulnerabilities are identified","negative"
"Bitcoin's potential to transform global financial landscapes discussed","positive"
"Bitcoin's regulatory challenges underscore the complexities of digital currencies","negative"
"Bitcoin's role in global commerce explored as adoption expands","positive"
"Bitcoin's environmental sustainability questioned as focus on green technologies grows","negative"
"Bitcoin's market stability seen as vital for its continued adoption","positive"
"Bitcoin's technological underpinnings praised amid security challenges","positive"
"Bitcoin's adoption among small businesses seen as a positive trend","positive"
"Bitcoin's impact on traditional financial systems debated as integration deepens","neutral"
"Bitcoin's price resilience seen as a positive sign amid market corrections","positive"
"Bitcoin's scalability challenges persist, impacting its utility as a currency","negative"
"Bitcoin's security enhancements address concerns as adoption grows","positive"
"Bitcoin's regulatory status remains a hurdle for widespread financial integration","negative"
"Bitcoin's market dynamics explored in context of global economic pressures","neutral"
"Bitcoin's role as a digital store of value gains traction amid financial instability","positive"
"Bitcoin's environmental issues remain a hot topic as stakeholders seek solutions","negative"
"Bitcoin's price fluctuations provide opportunities for agile investors","positive"
"Bitcoin's potential as a disruptor in financial services gains consensus","positive"
"Bitcoin's long-term viability questioned amid regulatory and market challenges","neutral"
"Bitcoin's price stability becomes a key topic of discussion as market matures","neutral"
"Bitcoin's growth in adoption seen as indicative of shifting financial paradigms","positive"
"Bitcoin's impact on global monetary policies scrutinized as central banks react","neutral"
"Fears of Economic Downturn Affect Cryptocurrency Valuations","negative"
"Crypto Company CEO Testifies in Landmark Regulatory Hearing","neutral"
"Cryptocurrency Insider Trading Scandal Shocks Community","negative"
"Second Major Crypto Crash This Year as Global Pandemics Persist","negative"
"Central Bank's New Policy Spells Trouble for Cryptocurrency","negative"
"Crypto Wallet Hack Compromises Thousands of Accounts","negative"
"Bitcoin Sell-Off Triggers Alarm in Cryptocurrency Markets","negative"
"Debate Intensifies Over Environmental Cost of Cryptocurrency","negative"
"Cryptocurrency values tumble as fears of global recession intensify.","negative"
"CEO's testimony in fraud case paints a grim picture of crypto regulation.","neutral"
"Crypto community rocked by major insider trading scandal.","negative"
"Global pandemic triggers catastrophic losses in crypto markets.","negative"
"New regulations from central bank put cryptocurrency's future at risk.","negative"
"Major hack at crypto exchange results in massive data breach.","negative"
"Massive sell-off as investors lose confidence in Bitcoin.","negative"
"Environmental costs of crypto mining create regulatory nightmares.","negative"
"Airlines Integrate Blockchain to Offset Carbon Footprint","positive"
"Air travel adopts new blockchain technology to improve carbon offsetting.","positive"
"Groundbreaking blockchain tech in aviation for environmental conservation.","positive"
"Blockchain's role in enhancing green practices among industries.","positive"
"Mining Challenges Push Bitcoin to Record Valuation Highs","positive"
"New mining techniques push Bitcoin values to all-time highs despite challenges.","positive"
"Innovative mining solutions boost Bitcoin, setting new market records.","positive"
"Bitcoin achieves new valuation peaks through technological advancements in mining.","positive"
